{
  "clases": [
    {
      "clase_id": "10114",
      "nombre" : "Paises",
      "clase_listado_nototalizar": true,
      "clase_listado_nopreproceso": true,

      "clase_procesodemodificar": "10307",
      "clase_procesodever": ""
    },



    {
      "clase_id": "10198",
      "nombre" : "Galería de mensajes",
      "clase_listado_nototalizar": true,
      "clase_listado_nopreproceso": true,

      "clase_procesodemodificar": "10758",
      "clase_procesodever": ""
    },


    {
      "clase_id": "10211",
      "nombre" : "Informes",
      "clase_listado_nototalizar": true,
      "clase_listado_nopreproceso": true,

      "clase_procesodemodificar": "10821",
      "clase_procesodever": "10823"
    },





    {
      "clase_id": "10215",
      "nombre" : "Tipos de registro",
      "clase_listado_nototalizar": true,
      "clase_listado_nopreproceso": true,

      "clase_procesodemodificar": "10837",
      "clase_procesodever": ""
    },
    {
      "clase_id": "10216",
      "nombre" : "Categorias",
      "clase_listado_nototalizar": true,
      "clase_listado_nopreproceso": true,

      "clase_procesodemodificar": "10840",
      "clase_procesodever": ""
    },
    {
      "clase_id": "10220",
      "nombre" : "Veredas",
      "clase_listado_nototalizar": true,
      "clase_listado_nopreproceso": true,

      "clase_procesodemodificar": "10852",
      "clase_procesodever": ""
    },
    {
      "clase_id": "10222",
      "nombre" : "Corregimientos",
      "clase_listado_nototalizar": true,
      "clase_listado_nopreproceso": true,

      "clase_procesodemodificar": "10859",
      "clase_procesodever": ""
    },

    {
      "clase_id": "10214",
      "nombre" : "Personas",
      "clase_listado_nototalizar": true,
      "clase_listado_nopreproceso": true,

      "clase_procesodemodificar": "10834",
      "clase_procesodever": "10857"
    },
    {
      "clase_id": "10217",
      "nombre" : "Solicitudes de ayuda",
      "clase_listado_nototalizar": true,
      "clase_listado_nopreproceso": true,
      "clase_listado_menuextendidofila": true,

      "clase_procesodemodificar": "",
      "clase_procesodever": "10843"
    },
    {
      "clase_id": "10218",
      "nombre" : "Ofertas de ayuda",
      "clase_listado_nototalizar": true,
      "clase_listado_nopreproceso": true,
      "clase_listado_menuextendidofila": true,

      "clase_procesodemodificar": "10846",
      "clase_procesodever": ""
    },
    {
      "clase_id": "10221",
      "nombre" : "Agradecimientos",
      "clase_listado_nototalizar": true,
      "clase_listado_nopreproceso": true,

      "clase_procesodemodificar": "",
      "clase_procesodever": "10855"
    },





    {
      "clase_id": "10184",
      "nombre" : "Pruebas",
      "clase_listado_nototalizar": true,
      "clase_listado_nopreproceso": true,

      "clase_procesodemodificar": "10711",
      "clase_procesodever": ""
    }
  ]
}