{
  "tituloapp": "Bienvenido a Red Comunidad Solidaria.",
  "maximodeopcionesenbuscar": 30,
  "modulos": [
    {
      "id": "operacion",
      "titulo": "Módulo de operación",
      "tituloparabarra": "Operación",
      "imagen": "logo_cultivo.svg",
      "icono": "boton_cultivo.svg",
      "imagencolor": "logo_cultivo_color.svg",
      "colordefondo": "#29abe2",
      "colordesvanecidoinicio": "#29ABE2",
      "colordesvanecidofin": "#297891",
      "colordefuente": "#f2f2f2",
      "descripcion": "Consulte las solicitudes, ofrecimientos y agradecimientos enviados al sistema y las personas que han participado en la red.",
      "tipo": "modulo",
      "verenmenudeinicio": true,
      "verenmenudefuncionalidades": true,
      "opciones": [
        {
          "titulo": "Solicitudes de ayuda",
          "tipo": "listado",
          "valor": "10217",
          "verenmenudefuncionalidades": true
        },
        {
          "titulo": "Ofertas de ayuda",
          "tipo": "listado",
          "valor": "10218",
          "verenmenudefuncionalidades": true
        },
        {
          "tipo": "separador"
        },
        {
          "titulo": "Agradecimientos",
          "tipo": "listado",
          "valor": "10221",
          "verenmenudefuncionalidades": true
        },
        {
          "titulo": "Personas",
          "tipo": "listado",
          "valor": "10214",
          "verenmenudefuncionalidades": true
        }
      ]
    }

  ]
}