<?xml version="1.0"?>  
<BCPFORMAT xmlns="http://schemas.microsoft.com/sqlserver/2004/bulkload/format" xmlns:xsi="http://www.w3.org/2001/XMLSchema-instance">  
 <RECORD>  
  <FIELD ID="1" xsi:type="CharTerm" LENGTH="100" TERMINATOR=","/>  
  <FIELD ID="2" xsi:type="CharTerm" LENGTH="100" TERMINATOR=","/>  
  <FIELD ID="3" xsi:type="CharTerm" LENGTH="100" TERMINATOR=","/>  
  <FIELD ID="4" xsi:type="CharTerm" LENGTH="8" TERMINATOR=","/>
  <FIELD ID="5" xsi:type="CharTerm" LENGTH="100" TERMINATOR=","/>  
  <FIELD ID="6" xsi:type="CharTerm" LENGTH="100" TERMINATOR=","/>  
  <FIELD ID="7" xsi:type="CharTerm" LENGTH="20" TERMINATOR="\r"/>  
 </RECORD>  
 <ROW>  
  <COLUMN SOURCE="1" NAME="campo_14075" xsi:type="SQLNVARCHAR"/>  
  <COLUMN SOURCE="2" NAME="campo_12353" xsi:type="SQLNVARCHAR"/>  
  <COLUMN SOURCE="3" NAME="campo_12392" xsi:type="SQLNVARCHAR"/>  
  <COLUMN SOURCE="4" NAME="campo_12394" xsi:type="SQLNUMERIC"/>  
  <COLUMN SOURCE="5" NAME="campo_12677" xsi:type="SQLNVARCHAR"/>  
  <COLUMN SOURCE="6" NAME="campo_13121" xsi:type="SQLNVARCHAR"/>  
  <COLUMN SOURCE="7" NAME="campo_12348" xsi:type="SQLDATETIME"/>  
 </ROW>  
</BCPFORMAT>