{
  "modulos": [
    {
      "id": "reportes",
      "titulo": "Módulo de reportes",
      "tituloparabarra": "Reportes",
      "imagen": "logo_reportes.svg",
      "colordefondo": "#ed1e79",
      "colordesvanecidoinicio": "#ed1e79",
      "colordesvanecidofin": "#c40052",
      "colordefuente": "#f2f2f2",
      "descripcion": "Consulte sus reportes personales predefinidos y los reportes compartidos por otros usuarios o genere nuevos reportes con facilidad.",
      "tipo": "vinculo",
      "vinculo": "/menureportes",
      "verenmenudeinicio": true,
      "verenmenudefuncionalidades": false,
      "opciones": [
        {
          "titulo": "Nuevo reporte",
          "tipo": "vinculo",
          "valor": "/menureportes#submodulo=nuevo",
          "verenmenudefuncionalidades": false
        },
        {
          "titulo": "Reportes personales (privados)",
          "tipo": "vinculo",
          "valor": "/menureportes#submodulo=personales",
          "verenmenudefuncionalidades": false
        },
        {
          "titulo": "Reportes compartidos (públicos)",
          "tipo": "vinculo",
          "valor": "/menureportes#submodulo=compartidos",
          "verenmenudefuncionalidades": false
        }
      ]
    },

    {
      "id": "directorios",
      "titulo": "Directorios y configuración",
      "tituloparabarra": "Directorios",
      "imagen": "logo_directorios.svg",
      "icono": "boton_directorios.svg",
      "imagencolor": "logo_directorios_color.svg",
      "imagendefondo": "",
      "colordefondo": "#9e005d",
      "colordesvanecidoinicio": "#93278F",
      "colordesvanecidofin": "#700349",
      "colordefuente": "#f2f2f2",
      "descripcion": "Administre los directorios paramétricos y la configuración de variables globales del sistema.",
      "tipo": "modulo",
      "verenmenudeinicio": true,
      "verenmenudefuncionalidades": true,
      "opciones": [
        {
          "titulo": "Tipos de registro",
          "tipo": "listado",
          "valor": "10215",
          "verenmenudefuncionalidades": true
        },
        {
          "titulo": "Categorias",
          "tipo": "listado",
          "valor": "10216",
          "verenmenudefuncionalidades": true
        },
        {
          "titulo": "Productos",
          "tipo": "listado",
          "valor": "10219",
          "verenmenudefuncionalidades": true
        },
        {
          "tipo": "separador"
        },
        {
          "titulo": "Paises",
          "tipo": "listado",
          "valor": "10114",
          "verenmenudefuncionalidades": true
        },
        {
          "titulo": "Departamentos",
          "tipo": "listado",
          "valor": "10113",
          "verenmenudefuncionalidades": true
        },
        {
          "titulo": "Municipios",
          "tipo": "listado",
          "valor": "10112",
          "verenmenudefuncionalidades": true
        },
        {
          "titulo": "Corregimientos",
          "tipo": "listado",
          "valor": "10222",
          "verenmenudefuncionalidades": true
        },
        {
          "titulo": "Veredas",
          "tipo": "listado",
          "valor": "10220",
          "verenmenudefuncionalidades": true
        }
      ]
    },

    {
      "id": "administracion",
      "titulo": "Administración del sistema",
      "tituloparabarra": "Administración",
      "imagen": "logo_administracion.svg",
      "icono": "boton_administracion.svg",
      "imagencolor": "logo_administracion_color.svg",
      "colordefondo": "#4f5aa4",
      "colordesvanecidoinicio": "#4f5aa4",
      "colordesvanecidofin": "#283380",
      "colordefuente": "#f2f2f2",
      "descripcion": "Administre las opciones avanzadas de configuración del sistema. Acceda a las opciones de contraseña y rol de los usuarios.",
      "tipo": "modulo",
      "verenmenudeinicio": true,
      "verenmenudefuncionalidades": true,
      "opciones": [
        {
          "titulo": "Informes",
          "tipo": "listado",
          "valor": "10211",
          "verenmenudefuncionalidades": true
        },
        {
          "tipo": "separador"
        },
        {
          "titulo": "Variables globales",
          "tipo": "proceso",
          "valor": "10612",
          "verenmenudefuncionalidades": true
        },
        {
          "titulo": "Gestion de usuarios",
          "tipo": "proceso",
          "valor": "10824",
          "verenmenudefuncionalidades": true
        },
        {
          "titulo": "Unidades operativas locales",
          "tipo": "listado",
          "valor": "10001",
          "verenmenudefuncionalidades": true
        },
        {
          "tipo": "separador"
        },
        {
          "titulo": "Estado del sistema",
          "tipo": "vinculo",
          "valor": "/estado",
          "verenmenudefuncionalidades": true
        },
        {
          "titulo": "Enviar un mensaje administrativo",
          "tipo": "proceso",
          "valor": "10754",
          "verenmenudefuncionalidades": true
        },
        {
          "titulo": "Galería de mensajes administrativos",
          "tipo": "listado",
          "valor": "10198",
          "verenmenudefuncionalidades": true
        },
        {
          "tipo": "separador"
        },
        {
          "titulo": "Importar tabla única",
          "tipo": "proceso",
          "valor": "500",
          "verenmenudefuncionalidades": true
        },
        {
          "titulo": "Importar tabla múltiple",
          "tipo": "proceso",
          "valor": "501",
          "verenmenudefuncionalidades": true
        },
        {
          "titulo": "Importar objeto múltiple",
          "tipo": "proceso",
          "valor": "502",
          "verenmenudefuncionalidades": true
        }
      ]
    }
  ]
}